{"cameraMode":{"drawMode":0,"name":"Shaded","section":"Shading Mode"},"sceneLighting":false,"audioPlay":false,"sceneViewState":{"m_AlwaysRefresh":false,"showFog":true,"showSkybox":true,"showFlares":true,"showImageEffects":true,"showParticleSystems":true,"showVisualEffectGraphs":true,"m_FxEnabled":false},"in2DMode":false,"pivot":{"x":1.150712490081787,"y":1.279001235961914,"z":-3.3412301540374758},"rotation":{"x":-0.018288444727659227,"y":-0.05369524285197258,"z":0.0009108071681112051,"w":-0.9984869360923767},"size":12.12435531616211,"orthographic":false}